-- phpMyAdmin SQL Dump
-- version 5.2.0
-- https://www.phpmyadmin.net/
--
-- Host: 127.0.0.1
-- Generation Time: Dec 08, 2022 at 01:04 PM
-- Server version: 10.4.25-MariaDB
-- PHP Version: 7.4.30

SET SQL_MODE = "NO_AUTO_VALUE_ON_ZERO";
START TRANSACTION;
SET time_zone = "+00:00";


/*!40101 SET @OLD_CHARACTER_SET_CLIENT=@@CHARACTER_SET_CLIENT */;
/*!40101 SET @OLD_CHARACTER_SET_RESULTS=@@CHARACTER_SET_RESULTS */;
/*!40101 SET @OLD_COLLATION_CONNECTION=@@COLLATION_CONNECTION */;
/*!40101 SET NAMES utf8mb4 */;

--
-- Database: `sugoi-shop`
--

-- --------------------------------------------------------

--
-- Table structure for table `ci_sessions`
--

CREATE TABLE `ci_sessions` (
  `id` varchar(128) NOT NULL,
  `ip_address` varchar(45) NOT NULL,
  `timestamp` int(10) UNSIGNED NOT NULL DEFAULT 0,
  `data` blob NOT NULL
) ENGINE=InnoDB DEFAULT CHARSET=utf8mb4;

--
-- Dumping data for table `ci_sessions`
--

INSERT INTO `ci_sessions` (`id`, `ip_address`, `timestamp`, `data`) VALUES
('d2h5c7roqph6vgjjuvd0j9cd95udv2dt', '::1', 1670162030, 0x5f5f63695f6c6173745f726567656e65726174657c693a313637303136313835333b7265646972656374696f6e7c4e3b5f5f4143544956455f53455353494f4e5f444154417c733a3235363a223031313862303834383165623262653561336166373665346436313366393766623963666333303736626462363634383039653536323739663836616636353136333136616265646433343732386662663563353130313965376532306662363130616662346235383965373766333831386139613534393637363135323366734b6e75476641487a7032465658765a313643662b33563667453276786742654477676e36647367524f6a432b494b4a566c457a4d574e2b51554f4234634869742f4f5242617563447361634a313753594c4263766561386d4577746e6d596f2b50373242354f777a75373353716943384b61547942754b57526b6748526267223b),
('5lsrg04kgpqbqrt88tvjhhs0k0eg52f2', '::1', 1670163176, 0x5f5f63695f6c6173745f726567656e65726174657c693a313637303136333137363b7265646972656374696f6e7c4e3b5f5f4143544956455f53455353494f4e5f444154417c733a3235363a22343635383465646136656332313035623165643336383837396339636134663230353733363335316564316562303665326133643262646239336635653936633838343937643838616262636334316639383766373836366634323666316434333366333466616662343063656339376137653436333765633635663834393075656a57496d714e756462475173744c6658347a613735367a4e682b4c41696c714e6632354336383576656e6744796c564d61774f445a572b5363352b5a454f456863794e6f34657939676e4a575a75785a5a77566554316a2f58667530683841363577766b486a522b705371333173623170507336736a5863762f52317546223b),
('bnc3abf4v4nn46tcb84v4fsm44ikrbrc', '::1', 1670163638, 0x5f5f63695f6c6173745f726567656e65726174657c693a313637303136333633383b7265646972656374696f6e7c4e3b5f5f4143544956455f53455353494f4e5f444154417c733a3235363a22343635383465646136656332313035623165643336383837396339636134663230353733363335316564316562303665326133643262646239336635653936633838343937643838616262636334316639383766373836366634323666316434333366333466616662343063656339376137653436333765633635663834393075656a57496d714e756462475173744c6658347a613735367a4e682b4c41696c714e6632354336383576656e6744796c564d61774f445a572b5363352b5a454f456863794e6f34657939676e4a575a75785a5a77566554316a2f58667530683841363577766b486a522b705371333173623170507336736a5863762f52317546223b73657474696e67735f666c6173687c733a32363a2250726f66696c20626572686173696c2064697065726261727569223b5f5f63695f766172737c613a313a7b733a31343a2273657474696e67735f666c617368223b733a333a226f6c64223b7d),
('4nfm5olo6bhgtqimrd3gb789rm6vepp4', '::1', 1670168617, 0x5f5f63695f6c6173745f726567656e65726174657c693a313637303136383631373b7265646972656374696f6e7c4e3b5f5f4143544956455f53455353494f4e5f444154417c733a3235363a22343262613636613661343562356165363339363036306438326238346230613165636238346230646439633361656262383638363634373134646136393033303136356138353931333865333932356539303031303266346236613030316133663964646163646663373032326431343065343134653130396236633932613851334c6f474f436154366e5a33583363543966647150584565664e6a676b3050305945794e306f7153364f356233396a526e4473306c32424a3433667a6b47686c3772364d3931504c59633151666e5a6e687575584663797054446e52772b37756c655558696c65752b545a6f53725a337a617648727a764237697a3857626a223b),
('emp6oanhsnap0ql6himaodglaj83o56j', '::1', 1670168989, 0x5f5f63695f6c6173745f726567656e65726174657c693a313637303136383938393b7265646972656374696f6e7c4e3b5f5f4143544956455f53455353494f4e5f444154417c733a3235363a2263663734313964376263373932323064656238626232326636376362373238363131663434313336386635356364363035316165333730613365353362653165356538376635616462356365356335313466373064353264326434636339623135363364343565646235393666353438393035653832393633313263613035624a584f44614b2b6c754b67504f745363784e6c304c2f646f4b446779705366564a4e6e6e2f75565338716f4373485a77704f636959524d592f766655586578644e33366e756b345a3252754772777238444f53794c715a514d39734b493847506c6e6c6d31555363676d4a536f633144586a563835512b68333361634b664439223b),
('ijp5sba4ikkr7lv8vod9nlkm5ndvofvi', '::1', 1670169066, 0x5f5f63695f6c6173745f726567656e65726174657c693a313637303136383938393b7265646972656374696f6e7c4e3b5f5f4143544956455f53455353494f4e5f444154417c733a3235363a2263663734313964376263373932323064656238626232326636376362373238363131663434313336386635356364363035316165333730613365353362653165356538376635616462356365356335313466373064353264326434636339623135363364343565646235393666353438393035653832393633313263613035624a584f44614b2b6c754b67504f745363784e6c304c2f646f4b446779705366564a4e6e6e2f75565338716f4373485a77704f636959524d592f766655586578644e33366e756b345a3252754772777238444f53794c715a514d39734b493847506c6e6c6d31555363676d4a536f633144586a563835512b68333361634b664439223b),
('0ef6tssvocdv3e361qgktvk343aqg964', '::1', 1670241803, 0x5f5f63695f6c6173745f726567656e65726174657c693a313637303234313830333b5f5f4143544956455f53455353494f4e5f444154417c733a3235363a223862316261316263326265363563373166623535623435663166653461386264373437656364363535633330376633383639386538363031626635316239656332343730623965346166383365313535336265356462393336356331363430373439363030303462316539373764643435303834313435363736623034653236656849446f4f493577386877746171544c36714b68574b4f4b3765375a344c306437626e754268474e6143353738476d574b34532b65526e314b386d6675706166783035577142725873334c6f4e51334f666d5830707247366f6573457664736a496848444f53663163346c576c672b6a586944796e775253615345732f6c73223b7265646972656374696f6e7c4e3b),
('7itmb4pejopk739qh35c6qncbqqo6pe7', '::1', 1670242106, 0x5f5f63695f6c6173745f726567656e65726174657c693a313637303234323130363b7265646972656374696f6e7c4e3b5f5f4143544956455f53455353494f4e5f444154417c733a3235363a226562633161656139646161373236313537333735613665363064393864313739663932383964366662666633626561336366323631333633366437613738663331303236316438333063666533656533373031613632323965333763303030353261363533373636376637333738336632663337646430393336393739343636314f6d6a504a356942644e61777447776966493450467164334c473452736a52414155695a6f6c674d6277475a54674f586373503636765750697442475174456970434b617648546851364d4c3165396f414571487531796735546a53594f366a326436554b5066656531534c51595243536c344f4165615a35513137436c57223b),
('lealqq5b41a7i22b8vd9fm4lqb570cqv', '::1', 1670245494, 0x5f5f63695f6c6173745f726567656e65726174657c693a313637303234353439343b7265646972656374696f6e7c4e3b5f5f4143544956455f53455353494f4e5f444154417c733a3235363a2262613036336230396166323366386461666138613465353065323730383539323238393363346537653166383537353661363865393436343233313461666439336166666238366530373934306366623835613435633736653164636533333662346339386464356464363435623563356237363430643737343262313139666d597a63617a7a4949737447656a55354461336a765073444e556d7a4d483338634444446d577662534c726e32774c556c3965597878314f5a686f696a48713233646f34706b334c3163444355524373766769556a6c534a47734d7a5930475953352b384866685830317767497370443542427577653256766f73437a4b3233223b),
('3jn9kvcjus1jeabl5iuao2ktt6ub8h7v', '::1', 1670246556, 0x5f5f63695f6c6173745f726567656e65726174657c693a313637303234363535363b7265646972656374696f6e7c4e3b5f5f4143544956455f53455353494f4e5f444154417c733a3235363a2262613036336230396166323366386461666138613465353065323730383539323238393363346537653166383537353661363865393436343233313461666439336166666238366530373934306366623835613435633736653164636533333662346339386464356464363435623563356237363430643737343262313139666d597a63617a7a4949737447656a55354461336a765073444e556d7a4d483338634444446d577662534c726e32774c556c3965597878314f5a686f696a48713233646f34706b334c3163444355524373766769556a6c534a47734d7a5930475953352b384866685830317767497370443542427577653256766f73437a4b3233223b),
('r7qqa975k3oc7bivld7s0tcmk4e49g6f', '::1', 1670247027, 0x5f5f63695f6c6173745f726567656e65726174657c693a313637303234373032373b7265646972656374696f6e7c4e3b5f5f4143544956455f53455353494f4e5f444154417c733a3235363a223032623766373233616435323430643333643964666163396564653864393230353333313231333835303636353230656236383366343365613236666666376465396332343331646132306437663633313761323462386364656163616535653436636532363164366535613835343830323231376263663837343432303565792b2b442b4e396d3048324c394c61354c327179724477494c46327974306d37535930794a796371466e375a386439336c324c57556a6a7956676e545a757a7266757554544b6479722f6a50752f4975704e4e6f6a70337372746d6a4f434c46715937337936746449527042334638727467694b6874396f417336313134412b223b),
('agt1m48b9elqf1uidepud19echshdeir', '::1', 1670247473, 0x5f5f63695f6c6173745f726567656e65726174657c693a313637303234373437333b7265646972656374696f6e7c4e3b5f5f4143544956455f53455353494f4e5f444154417c733a3235363a223032623766373233616435323430643333643964666163396564653864393230353333313231333835303636353230656236383366343365613236666666376465396332343331646132306437663633313761323462386364656163616535653436636532363164366535613835343830323231376263663837343432303565792b2b442b4e396d3048324c394c61354c327179724477494c46327974306d37535930794a796371466e375a386439336c324c57556a6a7956676e545a757a7266757554544b6479722f6a50752f4975704e4e6f6a70337372746d6a4f434c46715937337936746449527042334638727467694b6874396f417336313134412b223b),
('r56b3gl0q3gu7p7gru1tign791jrdvsg', '::1', 1670247907, 0x5f5f63695f6c6173745f726567656e65726174657c693a313637303234373930373b7265646972656374696f6e7c4e3b5f5f4143544956455f53455353494f4e5f444154417c733a3235363a223436643630663734386466363864383336343339656162666236633730626662306432376662613134396338303630383034663264646164373730393562623034363865636435323665346432376630663063363930623433343935363839383731376262323738373935333132393439313232356437626134363635353062376d4e33736a62584374746e53794964512f327a454c344d62596745765a63644131356c4377634461754a4356414d783170564851546e546c47635135394e36374d636261444674524c2f4c703036753930397973463141357942496c6251476d6d506f434856616a484a55716f336c6358336a506f792b79316b4443587853223b),
('75etleqgebbqccn20rbv4d9jeg5dvehv', '::1', 1670248237, 0x5f5f63695f6c6173745f726567656e65726174657c693a313637303234383233373b7265646972656374696f6e7c4e3b5f5f4143544956455f53455353494f4e5f444154417c733a3235363a223436643630663734386466363864383336343339656162666236633730626662306432376662613134396338303630383034663264646164373730393562623034363865636435323665346432376630663063363930623433343935363839383731376262323738373935333132393439313232356437626134363635353062376d4e33736a62584374746e53794964512f327a454c344d62596745765a63644131356c4377634461754a4356414d783170564851546e546c47635135394e36374d636261444674524c2f4c703036753930397973463141357942496c6251476d6d506f434856616a484a55716f336c6358336a506f792b79316b4443587853223b),
('q60tfgf1s92qtqf6utdlfoeijgd4l5rd', '::1', 1670248600, 0x5f5f63695f6c6173745f726567656e65726174657c693a313637303234383630303b7265646972656374696f6e7c4e3b5f5f4143544956455f53455353494f4e5f444154417c733a3235363a223436643630663734386466363864383336343339656162666236633730626662306432376662613134396338303630383034663264646164373730393562623034363865636435323665346432376630663063363930623433343935363839383731376262323738373935333132393439313232356437626134363635353062376d4e33736a62584374746e53794964512f327a454c344d62596745765a63644131356c4377634461754a4356414d783170564851546e546c47635135394e36374d636261444674524c2f4c703036753930397973463141357942496c6251476d6d506f434856616a484a55716f336c6358336a506f792b79316b4443587853223b),
('v8ulmh24vb1qktsa4rp7s0vgriio20su', '::1', 1670249657, 0x5f5f63695f6c6173745f726567656e65726174657c693a313637303234393635373b7265646972656374696f6e7c4e3b5f5f4143544956455f53455353494f4e5f444154417c733a3235363a223436643630663734386466363864383336343339656162666236633730626662306432376662613134396338303630383034663264646164373730393562623034363865636435323665346432376630663063363930623433343935363839383731376262323738373935333132393439313232356437626134363635353062376d4e33736a62584374746e53794964512f327a454c344d62596745765a63644131356c4377634461754a4356414d783170564851546e546c47635135394e36374d636261444674524c2f4c703036753930397973463141357942496c6251476d6d506f434856616a484a55716f336c6358336a506f792b79316b4443587853223b),
('3cu9dmk3q7glu95uvkc5h6i6k4bdpbfm', '::1', 1670249657, 0x5f5f63695f6c6173745f726567656e65726174657c693a313637303234393635373b7265646972656374696f6e7c4e3b5f5f4143544956455f53455353494f4e5f444154417c733a3235363a223436643630663734386466363864383336343339656162666236633730626662306432376662613134396338303630383034663264646164373730393562623034363865636435323665346432376630663063363930623433343935363839383731376262323738373935333132393439313232356437626134363635353062376d4e33736a62584374746e53794964512f327a454c344d62596745765a63644131356c4377634461754a4356414d783170564851546e546c47635135394e36374d636261444674524c2f4c703036753930397973463141357942496c6251476d6d506f434856616a484a55716f336c6358336a506f792b79316b4443587853223b),
('rbnd0af05vsa4abm10okqahre0ore4hk', '::1', 1670328155, 0x5f5f63695f6c6173745f726567656e65726174657c693a313637303332383135333b),
('i929tko4hsm3hvq1ql7kdtafcfa9k5sr', '::1', 1670337657, 0x5f5f63695f6c6173745f726567656e65726174657c693a313637303333373633333b),
('aucqndhqnj3mmr3394l3kphkk415q6oc', '::1', 1670497076, 0x5f5f63695f6c6173745f726567656e65726174657c693a313637303439373037363b636172745f636f6e74656e74737c613a333a7b733a31303a22636172745f746f74616c223b643a3430303030303b733a31313a22746f74616c5f6974656d73223b643a313b733a33323a226161623332333839323262636332356136663630366562353235666664633536223b613a363a7b733a323a226964223b733a323a223134223b733a333a22717479223b643a313b733a353a227072696365223b643a3430303030303b733a343a226e616d65223b733a33373a22532e482e4669677561727473204d6f6e6b65792e442e4c75666679204f6e65205069656365223b733a353a22726f776964223b733a33323a226161623332333839323262636332356136663630366562353235666664633536223b733a383a22737562746f74616c223b643a3430303030303b7d7d),
('si4j7ujn0k30rvp0qmhaj6jddrptvdn4', '::1', 1670499539, 0x5f5f63695f6c6173745f726567656e65726174657c693a313637303439393533393b7265646972656374696f6e7c4e3b5f5f4143544956455f53455353494f4e5f444154417c733a3235363a223530383634643932306263356363306439303961633339393361373164666233373966306564613433316466663463616266656238363130303732613763663837626338323232336434343235386365393538303262343662653261666366636364373933303337636337646566613439383265386136343036346534323136767656696c36707a38704c6474506c4e3132767248792f63506d474166386d50383357454744774457666f6e574674733643414c453169514c4d4e7945586d4a454d585361535245475952494b706c545a51786c4a6237315465466278792f57313078454e736366556b417447325834524c676e6e53472b4c58426b71455564223b),
('69jrvcunmkkibrqttcv46ch7vh8s89ie', '::1', 1670500041, 0x5f5f63695f6c6173745f726567656e65726174657c693a313637303530303034313b7265646972656374696f6e7c4e3b5f5f4143544956455f53455353494f4e5f444154417c733a3235363a223530383634643932306263356363306439303961633339393361373164666233373966306564613433316466663463616266656238363130303732613763663837626338323232336434343235386365393538303262343662653261666366636364373933303337636337646566613439383265386136343036346534323136767656696c36707a38704c6474506c4e3132767248792f63506d474166386d50383357454744774457666f6e574674733643414c453169514c4d4e7945586d4a454d585361535245475952494b706c545a51786c4a6237315465466278792f57313078454e736366556b417447325834524c676e6e53472b4c58426b71455564223b),
('8kj3k2lhvm5loficc19t6874iqle3ksn', '::1', 1670500463, 0x5f5f63695f6c6173745f726567656e65726174657c693a313637303530303436333b7265646972656374696f6e7c4e3b5f5f4143544956455f53455353494f4e5f444154417c733a3235363a223530383634643932306263356363306439303961633339393361373164666233373966306564613433316466663463616266656238363130303732613763663837626338323232336434343235386365393538303262343662653261666366636364373933303337636337646566613439383265386136343036346534323136767656696c36707a38704c6474506c4e3132767248792f63506d474166386d50383357454744774457666f6e574674733643414c453169514c4d4e7945586d4a454d585361535245475952494b706c545a51786c4a6237315465466278792f57313078454e736366556b417447325834524c676e6e53472b4c58426b71455564223b),
('2qpp59r9rlofvdd681renej86sb3ki9u', '::1', 1670500464, 0x5f5f63695f6c6173745f726567656e65726174657c693a313637303530303436333b7265646972656374696f6e7c4e3b5f5f4143544956455f53455353494f4e5f444154417c733a3235363a223530383634643932306263356363306439303961633339393361373164666233373966306564613433316466663463616266656238363130303732613763663837626338323232336434343235386365393538303262343662653261666366636364373933303337636337646566613439383265386136343036346534323136767656696c36707a38704c6474506c4e3132767248792f63506d474166386d50383357454744774457666f6e574674733643414c453169514c4d4e7945586d4a454d585361535245475952494b706c545a51786c4a6237315465466278792f57313078454e736366556b417447325834524c676e6e53472b4c58426b71455564223b);

-- --------------------------------------------------------

--
-- Table structure for table `contacts`
--

CREATE TABLE `contacts` (
  `id` int(10) NOT NULL,
  `parent_id` int(10) DEFAULT NULL,
  `name` varchar(32) NOT NULL,
  `subject` varchar(128) DEFAULT NULL,
  `email` varchar(64) NOT NULL,
  `message` mediumtext NOT NULL,
  `contact_date` datetime DEFAULT NULL,
  `status` tinyint(1) DEFAULT 1,
  `reply_at` datetime DEFAULT NULL
) ENGINE=InnoDB DEFAULT CHARSET=utf8mb4;

--
-- Dumping data for table `contacts`
--

INSERT INTO `contacts` (`id`, `parent_id`, `name`, `subject`, `email`, `message`, `contact_date`, `status`, `reply_at`) VALUES
(3, NULL, 'Robert Pattinson', 'Pengiriman Delay', 'customer@local.test', 'Haloo, boleh tolong dicek kenapa pengirimannya telat?', '2022-12-03 22:30:32', 2, NULL),
(4, NULL, 'testttt', 'testtt', 'testing@jendela360.com', 'test', '2022-12-05 19:06:09', 1, NULL);

-- --------------------------------------------------------

--
-- Table structure for table `coupons`
--

CREATE TABLE `coupons` (
  `id` bigint(20) NOT NULL,
  `name` varchar(191) NOT NULL,
  `code` varchar(32) NOT NULL,
  `credit` decimal(8,2) NOT NULL,
  `start_date` date NOT NULL,
  `expired_date` date NOT NULL,
  `is_active` tinyint(4) DEFAULT 1
) ENGINE=InnoDB DEFAULT CHARSET=utf8mb4;

--
-- Dumping data for table `coupons`
--

INSERT INTO `coupons` (`id`, `name`, `code`, `credit`, `start_date`, `expired_date`, `is_active`) VALUES
(1, 'Hari Kemerdekaan', 'HUTRI2022', '25000.00', '2022-08-17', '2022-08-18', 1),
(2, 'Christmas Sale', 'CRS2022', '55000.00', '2022-12-01', '2022-12-31', 1);

-- --------------------------------------------------------

--
-- Table structure for table `customers`
--

CREATE TABLE `customers` (
  `id` bigint(20) NOT NULL,
  `user_id` bigint(20) UNSIGNED DEFAULT NULL,
  `name` varchar(191) NOT NULL,
  `phone_number` varchar(32) DEFAULT NULL,
  `address` varchar(191) NOT NULL,
  `profile_picture` varchar(191) DEFAULT NULL
) ENGINE=InnoDB DEFAULT CHARSET=utf8mb4;

--
-- Dumping data for table `customers`
--

INSERT INTO `customers` (`id`, `user_id`, `name`, `phone_number`, `address`, `profile_picture`) VALUES
(6, 7, 'Robert Pattinson', '081328907767', 'Kost Indah Jaya Belakang No. 19, Jl. Medan Baru VI, Kandang Limun, Bengkulu', 'gambar1.png'),
(8, 9, 'Martin Garrix', '081272132132132', 'Jl. Lengkong Kulon, Kec. Pagedangan, Tangerang, Banten 15331', 'avatar041.png'),
(9, 10, 'Katy Perry', '08959999992', 'Jl. Raya Cipanas No.88, Jawa Barat', 'gambar3.png');

-- --------------------------------------------------------

--
-- Table structure for table `orders`
--

CREATE TABLE `orders` (
  `id` bigint(20) NOT NULL,
  `user_id` bigint(20) UNSIGNED DEFAULT NULL,
  `coupon_id` bigint(20) DEFAULT NULL,
  `order_number` varchar(16) NOT NULL,
  `order_status` enum('1','2','3','4','5') DEFAULT '1',
  `order_date` datetime NOT NULL,
  `total_price` decimal(8,2) DEFAULT NULL,
  `total_items` int(10) DEFAULT NULL,
  `payment_method` int(11) DEFAULT 1,
  `delivery_data` text DEFAULT NULL,
  `delivered_date` datetime DEFAULT NULL,
  `finish_date` datetime DEFAULT NULL
) ENGINE=InnoDB DEFAULT CHARSET=utf8mb4;

--
-- Dumping data for table `orders`
--

INSERT INTO `orders` (`id`, `user_id`, `coupon_id`, `order_number`, `order_status`, `order_date`, `total_price`, `total_items`, `payment_method`, `delivery_data`, `delivered_date`, `finish_date`) VALUES
(18, 7, NULL, 'CNI3122227807', '3', '2022-09-01 14:46:52', '728000.00', 2, 2, '{\"customer\":{\"name\":\"Asep Bedil\",\"phone_number\":\"081328907767\",\"address\":\"Kost Indah Jaya Belakang No. 19, Jl. Medan Baru VI, Kandang Limun, Bengkulu\"},\"note\":\"\"}', NULL, NULL),
(19, 9, NULL, 'COW3122219894', '4', '2022-12-03 14:54:52', '400000.00', 1, 1, '{\"customer\":{\"name\":\"Martin Garrix\",\"phone_number\":\"081272132132132\",\"address\":\"Jl. Lengkong Kulon, Kec. Pagedangan, Tangerang, Banten 15331\"},\"note\":\"\"}', NULL, NULL),
(27, 7, NULL, 'YPP4122217235', '4', '2022-12-04 11:48:26', '700000.00', 1, 1, '{\"customer\":{\"name\":\"Robert Pattinson\",\"phone_number\":\"081328907767\",\"address\":\"Kost Indah Jaya Belakang No. 19, Jl. Medan Baru VI, Kandang Limun, Bengkulu\"},\"note\":\"\"}', NULL, NULL),
(31, 7, NULL, 'TKE4122217064', '3', '2022-11-01 16:47:22', '900000.00', 1, 2, '{\"customer\":{\"name\":\"Robert Pattinson\",\"phone_number\":\"081328907767\",\"address\":\"Kost Indah Jaya Belakang No. 19, Jl. Medan Baru VI, Kandang Limun, Bengkulu\"},\"note\":\"\"}', NULL, NULL),
(32, 10, NULL, 'GZU41222110765', '3', '2022-12-04 17:18:02', '400000.00', 1, 2, '{\"customer\":{\"name\":\"Katy Perry\",\"phone_number\":\"08959999992\",\"address\":\"Jl. Raya Cipanas No.88, Jawa Barat\"},\"note\":\"\"}', NULL, NULL);

-- --------------------------------------------------------

--
-- Table structure for table `order_items`
--

CREATE TABLE `order_items` (
  `id` bigint(20) NOT NULL,
  `order_id` bigint(20) DEFAULT NULL,
  `product_id` bigint(20) DEFAULT NULL,
  `order_qty` int(10) NOT NULL,
  `order_price` decimal(8,2) DEFAULT NULL
) ENGINE=InnoDB DEFAULT CHARSET=utf8mb4;

--
-- Dumping data for table `order_items`
--

INSERT INTO `order_items` (`id`, `order_id`, `product_id`, `order_qty`, `order_price`) VALUES
(30, 18, 5, 1, '380000.00'),
(31, 18, 9, 1, '348000.00'),
(32, 19, 14, 1, '400000.00'),
(44, 27, 1, 1, '700000.00'),
(49, 31, 13, 1, '900000.00'),
(50, 32, 14, 1, '400000.00');

-- --------------------------------------------------------

--
-- Table structure for table `payments`
--

CREATE TABLE `payments` (
  `id` bigint(20) NOT NULL,
  `order_id` bigint(20) DEFAULT NULL,
  `payment_price` decimal(8,2) DEFAULT NULL,
  `payment_date` datetime NOT NULL,
  `picture_name` varchar(191) DEFAULT NULL,
  `payment_status` enum('1','2','3') DEFAULT '1',
  `confirmed_date` datetime DEFAULT NULL,
  `payment_data` text DEFAULT NULL
) ENGINE=InnoDB DEFAULT CHARSET=utf8mb4;

--
-- Dumping data for table `payments`
--

INSERT INTO `payments` (`id`, `order_id`, `payment_price`, `payment_date`, `picture_name`, `payment_status`, `confirmed_date`, `payment_data`) VALUES
(4, 5, '271000.00', '2020-03-29 08:20:39', 'category-1.jpg', '1', NULL, '{\"transfer_to\":\"bri\",\"source\":{\"bank\":\"Bank BRI\",\"name\":\"Agung Tri Saputra\",\"number\":\"12-345-678-9\"}}'),
(5, 7, '78000.00', '2020-03-30 08:51:08', 'html5.jpg', '2', NULL, '{\"transfer_to\":\"btn\",\"source\":{\"bank\":\"BANK BCA\",\"name\":\"MMS\",\"number\":\"123-456\"}}'),
(7, 14, '999999.99', '2022-11-27 17:07:36', 'Bukti_TF.jpg', '2', NULL, '{\"transfer_to\":\"bca\",\"source\":{\"bank\":\"BCA\",\"name\":\"Agung Tri Saputra\",\"number\":\"60426555556\"}}'),
(8, 19, '400000.00', '2022-12-03 14:57:18', 'Bukti_TF1.jpg', '2', NULL, '{\"transfer_to\":\"bca\",\"source\":{\"bank\":\"BCA\",\"name\":\"Martin Garrix\",\"number\":\"60426555556\"}}'),
(11, 27, '700000.00', '2022-12-04 11:48:41', 'Bukti_TF3.jpg', '2', NULL, '{\"transfer_to\":\"bca\",\"source\":{\"bank\":\"BCA\",\"name\":\"Robert Pattinson\",\"number\":\"60426555556\"}}');

-- --------------------------------------------------------

--
-- Table structure for table `products`
--

CREATE TABLE `products` (
  `id` bigint(20) NOT NULL,
  `category_id` int(10) DEFAULT NULL,
  `sku` varchar(32) DEFAULT NULL,
  `name` varchar(191) NOT NULL,
  `description` varchar(191) DEFAULT NULL,
  `picture_name` varchar(191) DEFAULT NULL,
  `price` decimal(8,2) NOT NULL,
  `current_discount` decimal(8,2) DEFAULT 0.00,
  `stock` int(10) NOT NULL,
  `product_unit` varchar(32) DEFAULT NULL,
  `is_available` tinyint(1) DEFAULT 1,
  `add_date` datetime DEFAULT NULL
) ENGINE=InnoDB DEFAULT CHARSET=utf8mb4;

--
-- Dumping data for table `products`
--

INSERT INTO `products` (`id`, `category_id`, `sku`, `name`, `description`, `picture_name`, `price`, `current_discount`, `stock`, `product_unit`, `is_available`, `add_date`) VALUES
(1, 1, 'SB750372', 'S.H.Figuarts Star Wars Jango Fetts', 'S.H. Figuarts Jango Fett comes in the largely generic Star Wars range packaging, which features a large window section at the front of the box with the Star Wars logo written across it.', 'product-1.jpg', '750000.00', '50000.00', 20, 'Pcs', 1, '2022-11-26 00:00:00'),
(2, 1, 'BS350420', 'S.H.Figuarts Dragon Ball GT Vegeta', 'Super Saiyan 4 Vegeta, as seen in \"Dragon Ball GT\", joins S.H.Figuarts using detailed sculpting and the latest articulation technology\r\n', 'product-2.jpg', '500000.00', '25000.00', 18, 'Pcs', 1, '2022-11-26 00:00:00'),
(4, 1, 'TS120790', 'S.H.Figuarts Captain America Edition Avengers', 'A pointing finger, determined masked face, and battle-scarred shield let you re-create dramatic moments from the film', 'product-3.jpg', '650000.00', '0.00', 10, 'Pcs', 1, '2022-11-26 00:00:00'),
(5, 1, 'WS120811', 'S.H.Figuarts Iron Man Mark 6 -Battle Damage', 'Iron Man Mark 6 arrives, featuring a new head, chest, and revised coloring.', 'product-4.jpg', '380000.00', '0.00', 15, 'Pcs', 1, '2022-11-26 00:00:00'),
(8, 2, 'PS220885', 'McFarlane Toys DC Black ADAM Movie with Cloak', 'Black Adam is based on his look from the upcoming movie Black Adam', 'product-5.jpg', '400000.00', '0.00', 30, 'Pcs', 1, '2022-11-26 00:00:00'),
(9, 2, 'AB450163', 'Mcfarlane Toys Batman Arkham City', 'Batman is featured in his outfit from the Video Game Batman: Arkham City', 'product-6.jpg', '400000.00', '52000.00', 5, 'Pcs', 1, '2022-11-26 00:00:00'),
(10, 1, 'BMS120283', 'McFarlane Toys Catwoman Unmasked ', 'Unmasked and based on her look in the upcoming movie The Batman', 'product-7.jpg', '450000.00', '0.00', 13, 'Pcs', 1, '2022-11-26 00:00:00'),
(11, 1, 'URS13301', ' S.H.Figuarts - Naruto Uzumaki Best Selection', '[Set Contents] optional face part, an optional left hand, two optional right hands, two kunais and a Rasengan effect part', 'product-8.jpg', '550000.00', '0.00', 3, 'Pcs', 1, '2022-11-26 00:00:00'),
(12, 1, 'BPS15347', 'S.H.Figuarts Sasuke Uchiha Best Selection', '[Set Contents] Main Body, Three optional expressions, Five pairs of optional hands, Sword, Scabbard, Half-drawn sword, Chidori effect', 'product-9.jpg', '815000.00', '0.00', 17, 'Pcs', 1, '2022-11-26 00:00:00'),
(13, 1, 'KPS223370', 'S.H.Figuarts Ultraman Shinkochou Seihou', 'S.H.Figuarts celebrates 55 years of Ultraman with an all new SHINKOCCHOU SEIHOU portrayal based on a full-body scan of suit actor Bin Furuya.', 'product-10.jpg', '900000.00', '0.00', 23, 'Pcs', 1, '2022-11-26 00:00:00'),
(14, 1, 'CMS410424', 'S.H.Figuarts Monkey.D.Luffy One Piece', 'In addition to the figure, four optional expression (face) parts are included. Three eye options are included as well: looking forward, left, and right. ', 'product-11.jpg', '900000.00', '500000.00', 10, 'Pcs', 1, '2022-11-26 00:00:00');

-- --------------------------------------------------------

--
-- Table structure for table `product_category`
--

CREATE TABLE `product_category` (
  `id` int(10) NOT NULL,
  `name` varchar(191) NOT NULL
) ENGINE=InnoDB DEFAULT CHARSET=utf8mb4;

--
-- Dumping data for table `product_category`
--

INSERT INTO `product_category` (`id`, `name`) VALUES
(1, 'shf'),
(2, 'mcfarlane');

-- --------------------------------------------------------

--
-- Table structure for table `reviews`
--

CREATE TABLE `reviews` (
  `id` bigint(20) NOT NULL,
  `user_id` bigint(20) UNSIGNED DEFAULT NULL,
  `order_id` bigint(20) DEFAULT NULL,
  `title` varchar(191) DEFAULT NULL,
  `review_text` mediumtext NOT NULL,
  `review_date` datetime NOT NULL,
  `status` tinyint(1) NOT NULL DEFAULT 1
) ENGINE=InnoDB DEFAULT CHARSET=utf8mb4;

--
-- Dumping data for table `reviews`
--

INSERT INTO `reviews` (`id`, `user_id`, `order_id`, `title`, `review_text`, `review_date`, `status`) VALUES
(10, 7, 18, 'Pembelian SHF Iron Man dan Batman', 'Barangnya original dan sesuai foto, gak nyesel deh beli di Sugoi Shop. Pilihannya juga banyak dan harga masuk di kantong ', '2022-12-03 14:53:41', 1),
(11, 9, 19, 'Pembelian SHF Luffy', 'Wishlish udah lama. Pengiriman cepet kemarin order, hari ini nyampe. Sukses terus buat Sugoi-Shop!', '2022-12-03 15:03:05', 1),
(12, 10, 32, 'Pembelian SHF Luffy', 'Gak nyangka bisa dapet kondisi MISB soalnya barangnya udah susah dicari. Makasih banyak Sugoi-Shop :)', '2022-12-04 17:27:28', 1);

-- --------------------------------------------------------

--
-- Table structure for table `settings`
--

CREATE TABLE `settings` (
  `id` int(10) NOT NULL,
  `key` varchar(32) NOT NULL,
  `content` text NOT NULL
) ENGINE=InnoDB DEFAULT CHARSET=utf8mb4;

--
-- Dumping data for table `settings`
--

INSERT INTO `settings` (`id`, `key`, `content`) VALUES
(1, 'current_theme_name', 'action_figure'),
(2, 'store_name', 'SUGOI すごい'),
(3, 'store_phone_number', '08127888999'),
(4, 'store_email', 'sugoi@shop.com'),
(5, 'store_tagline', 'Expect More. Pay Less.'),
(6, 'store_logo', 'logo1.png'),
(7, 'max_product_image_size', '20000'),
(8, 'store_description', 'Find it, Love it, Buy it'),
(9, 'store_address', 'Jl. Kebon Jeruk No. 99, Jakarta Barat, DKI Jakarta '),
(10, 'min_shop_to_free_shipping_cost', '150000'),
(11, 'shipping_cost', '50000'),
(12, 'payment_banks', '{\"bca\":{\"bank\":\"BCA\",\"number\":\"6045236587\",\"name\":\"Christian Bale\"},\"mandiri\":{\"bank\":\"Mandiri\",\"number\":\"503455888\",\"name\":\"PT. Sugoi Indonesia\"},\"bri\":{\"bank\":\"BRI\",\"number\":\"2312344444\",\"name\":\"PT. Sugoi Indonesia\"}}');

-- --------------------------------------------------------

--
-- Table structure for table `users`
--

CREATE TABLE `users` (
  `id` bigint(20) UNSIGNED NOT NULL,
  `name` varchar(50) COLLATE utf8mb4_unicode_ci DEFAULT NULL,
  `email` varchar(191) COLLATE utf8mb4_unicode_ci NOT NULL,
  `email_verified_at` timestamp NULL DEFAULT NULL,
  `username` varchar(16) COLLATE utf8mb4_unicode_ci NOT NULL,
  `password` varchar(191) COLLATE utf8mb4_unicode_ci NOT NULL,
  `profile_picture` varchar(128) COLLATE utf8mb4_unicode_ci DEFAULT NULL,
  `role` varchar(32) COLLATE utf8mb4_unicode_ci DEFAULT '0' COMMENT '1 = admin, 2 = customer',
  `register_date` datetime DEFAULT NULL
) ENGINE=InnoDB DEFAULT CHARSET=utf8mb4 COLLATE=utf8mb4_unicode_ci;

--
-- Dumping data for table `users`
--

INSERT INTO `users` (`id`, `name`, `email`, `email_verified_at`, `username`, `password`, `profile_picture`, `role`, `register_date`) VALUES
(1, 'Admin Sugoi Shop', 'admin@sugoi-shop.com', NULL, 'admin', '$2y$10$wpEs0Vzh6u/Io6cITc51Fe59Uc3mT24ui0nBtvwYrpy5GKYRbjUbu', 'faiz.jpg', 'admin', NULL),
(7, 'Robert Pattinson', 'customer@local.test', NULL, 'customer', '$2y$10$6C/A5Yy1gt4yhStWDWN1M.isBaznzDc.MZJdIj7UddW3.qIX5vDvK', 'avatar0411.png', 'customer', '2020-03-29 08:14:30'),
(9, 'Martin Garrix', 'martin@gmail.com', NULL, 'customer2', '$2y$10$N3.ktABSdPbKeTmN9gUlzOV5XiQc9KIp3JfkqTUYByeh7a3uaGrYi', 'avatar041.png', 'customer', '2022-11-27 12:49:13'),
(10, NULL, 'katy@gmail.com', NULL, 'customer3', '$2y$10$I9nav01CqYHgmIYyTWuPiu/vuY6tItsY3iZBSeKxNd5Xx6UKWXiay', NULL, 'customer', '2022-12-04 17:16:34');

--
-- Indexes for dumped tables
--

--
-- Indexes for table `ci_sessions`
--
ALTER TABLE `ci_sessions`
  ADD KEY `ci_sessions_timestamp` (`timestamp`);

--
-- Indexes for table `contacts`
--
ALTER TABLE `contacts`
  ADD PRIMARY KEY (`id`),
  ADD KEY `FK_contacts_contacts` (`parent_id`);

--
-- Indexes for table `coupons`
--
ALTER TABLE `coupons`
  ADD PRIMARY KEY (`id`);

--
-- Indexes for table `customers`
--
ALTER TABLE `customers`
  ADD PRIMARY KEY (`id`),
  ADD KEY `FK_customers_users` (`user_id`);

--
-- Indexes for table `orders`
--
ALTER TABLE `orders`
  ADD PRIMARY KEY (`id`),
  ADD KEY `FK_orders_users` (`user_id`),
  ADD KEY `FK_orders_coupons` (`coupon_id`);

--
-- Indexes for table `order_items`
--
ALTER TABLE `order_items`
  ADD PRIMARY KEY (`id`),
  ADD KEY `order_id` (`order_id`),
  ADD KEY `product_id` (`product_id`);

--
-- Indexes for table `payments`
--
ALTER TABLE `payments`
  ADD PRIMARY KEY (`id`),
  ADD KEY `order_id` (`order_id`);

--
-- Indexes for table `products`
--
ALTER TABLE `products`
  ADD PRIMARY KEY (`id`),
  ADD KEY `FK_products_product_category` (`category_id`);

--
-- Indexes for table `product_category`
--
ALTER TABLE `product_category`
  ADD PRIMARY KEY (`id`);

--
-- Indexes for table `reviews`
--
ALTER TABLE `reviews`
  ADD PRIMARY KEY (`id`),
  ADD KEY `FK_reviews_users` (`user_id`),
  ADD KEY `FK_reviews_orders` (`order_id`);

--
-- Indexes for table `settings`
--
ALTER TABLE `settings`
  ADD PRIMARY KEY (`id`) USING BTREE;

--
-- Indexes for table `users`
--
ALTER TABLE `users`
  ADD PRIMARY KEY (`id`) USING BTREE,
  ADD UNIQUE KEY `users_email_unique` (`email`) USING BTREE;

--
-- AUTO_INCREMENT for dumped tables
--

--
-- AUTO_INCREMENT for table `contacts`
--
ALTER TABLE `contacts`
  MODIFY `id` int(10) NOT NULL AUTO_INCREMENT, AUTO_INCREMENT=5;

--
-- AUTO_INCREMENT for table `coupons`
--
ALTER TABLE `coupons`
  MODIFY `id` bigint(20) NOT NULL AUTO_INCREMENT, AUTO_INCREMENT=6;

--
-- AUTO_INCREMENT for table `customers`
--
ALTER TABLE `customers`
  MODIFY `id` bigint(20) NOT NULL AUTO_INCREMENT, AUTO_INCREMENT=10;

--
-- AUTO_INCREMENT for table `orders`
--
ALTER TABLE `orders`
  MODIFY `id` bigint(20) NOT NULL AUTO_INCREMENT, AUTO_INCREMENT=33;

--
-- AUTO_INCREMENT for table `order_items`
--
ALTER TABLE `order_items`
  MODIFY `id` bigint(20) NOT NULL AUTO_INCREMENT, AUTO_INCREMENT=51;

--
-- AUTO_INCREMENT for table `payments`
--
ALTER TABLE `payments`
  MODIFY `id` bigint(20) NOT NULL AUTO_INCREMENT, AUTO_INCREMENT=13;

--
-- AUTO_INCREMENT for table `products`
--
ALTER TABLE `products`
  MODIFY `id` bigint(20) NOT NULL AUTO_INCREMENT, AUTO_INCREMENT=17;

--
-- AUTO_INCREMENT for table `product_category`
--
ALTER TABLE `product_category`
  MODIFY `id` int(10) NOT NULL AUTO_INCREMENT, AUTO_INCREMENT=9;

--
-- AUTO_INCREMENT for table `reviews`
--
ALTER TABLE `reviews`
  MODIFY `id` bigint(20) NOT NULL AUTO_INCREMENT, AUTO_INCREMENT=13;

--
-- AUTO_INCREMENT for table `settings`
--
ALTER TABLE `settings`
  MODIFY `id` int(10) NOT NULL AUTO_INCREMENT, AUTO_INCREMENT=13;

--
-- AUTO_INCREMENT for table `users`
--
ALTER TABLE `users`
  MODIFY `id` bigint(20) UNSIGNED NOT NULL AUTO_INCREMENT, AUTO_INCREMENT=11;

--
-- Constraints for dumped tables
--

--
-- Constraints for table `contacts`
--
ALTER TABLE `contacts`
  ADD CONSTRAINT `FK_contacts_contacts` FOREIGN KEY (`parent_id`) REFERENCES `contacts` (`id`) ON DELETE CASCADE ON UPDATE NO ACTION;

--
-- Constraints for table `customers`
--
ALTER TABLE `customers`
  ADD CONSTRAINT `FK_customers_users` FOREIGN KEY (`user_id`) REFERENCES `users` (`id`) ON DELETE NO ACTION ON UPDATE CASCADE;

--
-- Constraints for table `orders`
--
ALTER TABLE `orders`
  ADD CONSTRAINT `FK_orders_coupons` FOREIGN KEY (`coupon_id`) REFERENCES `coupons` (`id`) ON DELETE SET NULL ON UPDATE CASCADE,
  ADD CONSTRAINT `FK_orders_users` FOREIGN KEY (`user_id`) REFERENCES `users` (`id`) ON DELETE NO ACTION ON UPDATE CASCADE;

--
-- Constraints for table `order_items`
--
ALTER TABLE `order_items`
  ADD CONSTRAINT `order_items_ibfk_1` FOREIGN KEY (`order_id`) REFERENCES `orders` (`id`) ON DELETE CASCADE ON UPDATE NO ACTION,
  ADD CONSTRAINT `order_items_ibfk_2` FOREIGN KEY (`product_id`) REFERENCES `products` (`id`) ON DELETE CASCADE ON UPDATE NO ACTION;
COMMIT;

/*!40101 SET CHARACTER_SET_CLIENT=@OLD_CHARACTER_SET_CLIENT */;
/*!40101 SET CHARACTER_SET_RESULTS=@OLD_CHARACTER_SET_RESULTS */;
/*!40101 SET COLLATION_CONNECTION=@OLD_COLLATION_CONNECTION */;
